search_term,framing,video_url,user_url,username,title,view_num,created_at,shortdesc,collected_at
climate crisis,alarmist,/watch?v=tRA2SfSk2Tc&pp=ygUOY2xpbWF0ZSBjcmlzaXM%3D,/@StarTalk,StarTalk,How I Think About Climate Change,2.2M,11 months,What does “climate change” mean? Neil deGrasse Tyson explains under-emphasized elements of climate change and humanity's ...,2026-01-21 22:57:38.489009
climate crisis,alarmist,/watch?v=RVcsV_-erys&pp=ygUOY2xpbWF0ZSBjcmlzaXM%3D,/@guardiannews,Guardian News,2050: what happens if we ignore the climate crisis,230K,4 years,We envision two scenarios: what life could look like on Earth in 2050 if we do nothing and what life could look like if we take action ...,2026-01-21 22:57:38.492734
climate crisis,alarmist,/watch?v=4zBoXY5YeVo&pp=ygUOY2xpbWF0ZSBjcmlzaXM%3D,/@SimonClark,Simon Clark,The worst month of climate news in my entire career,481K,2 months,Want to restore the planet's ecosystems and see your impact in monthly videos? The first 100 people to join Planet Wild with my ...,2026-01-21 22:57:38.494215
climate crisis,alarmist,/watch?v=ClZGMeiFT6w&pp=ygUOY2xpbWF0ZSBjcmlzaXM%3D,/@ClimateAdam,ClimateAdam,Why the Climate Crisis is a Health Crisis,7.9K,2 months,"Climate change is here, today, and it's threatening our lives. Whether through the direct danger of extreme weather - from floods, ...",2026-01-21 22:57:38.497801
climate crisis,alarmist,/watch?v=F8vI5_gN90g&pp=ygUOY2xpbWF0ZSBjcmlzaXM%3D,/@aljazeeraenglish,Al Jazeera English,Inside the planet’s most urgent climate warning | Global Warning E1 | Featured Documentary,517K,3 months,... #climate #aljazeeraenglish #greenland #denmark #nature #documentary #environment #climateaction #climatecrisis #science ...,2026-01-21 22:57:38.499128
climate crisis,alarmist,/watch?v=LxgMdjyw8uw&pp=ygUOY2xpbWF0ZSBjcmlzaXM%3D,/@kurzgesagt,Kurzgesagt – In a Nutshell,We WILL Fix Climate Change!,11M,3 years,Getting something from the kurzgesagt shop is the best way to support us and to keep our videos free for everyone.,2026-01-21 22:57:38.500378
climate crisis,alarmist,/watch?v=QQfrxdS9egk&pp=ygUOY2xpbWF0ZSBjcmlzaXM%3D,/@SimonClark,Simon Clark,Why is it the 'climate crisis' now?,61K,2 years,"Language is powerful. To try everything Brilliant has to offer—free—for a full 30 days, visit https://www.brilliant.org/simonclark.",2026-01-21 22:57:38.503771
climate crisis,alarmist,/watch?v=KS8X0tDaq4o&pp=ygUOY2xpbWF0ZSBjcmlzaXM%3D,/@WION,WION,Vulnerable nations alone in coping with climate crisis? | WION Climate Tracker,7.3K,3 years,Climate change is going to impact the entire world but some are at greater risk as compared to others. The 56th session of the ...,2026-01-21 22:57:38.505145
climate crisis,alarmist,/watch?v=2njn71TqkjA&pp=ygUOY2xpbWF0ZSBjcmlzaXM%3D,/@TEDEd,TED-Ed,What Earth in 2050 could look like - Shannon Odell,1.2M,1 year,What could our future world look like if we continue to do nothing about climate change? Take a look at the possibilities. -- While ...,2026-01-21 22:57:38.506474
climate crisis,alarmist,/watch?v=42e1qdYDw_Q&pp=ygUOY2xpbWF0ZSBjcmlzaXPSBwkJhwoBhyohjO8%3D,/@TheDailyShow,The Daily Show,"Elizabeth Kolbert - The Climate Crisis & “Life on a Little-Known Planet"" | The Daily Show",393K,1 month,"Pulitzer Prize-winning author and staff writer at The New Yorker, Elizabeth Kolbert, sits down with Jon Stewart to discuss her latest ...",2026-01-21 22:57:38.507790
climate crisis,alarmist,/watch?v=h1jOqyjcO4g&pp=ygUOY2xpbWF0ZSBjcmlzaXM%3D,/@SimonClark,Simon Clark,How much progress have we made on climate change?,2.5M,10 months,"Progress is happening all over the world. I couldn't fit the entire world into my studio though, so built a model. See how I did that ...",2026-01-21 22:57:38.509076
climate crisis,alarmist,/watch?v=7hBMbQ9de1g&pp=ygUOY2xpbWF0ZSBjcmlzaXM%3D,/@pbsterra,PBS Terra,When Will Extreme Heat Become Unlivable?,1.6M,7 months,Check out our Patreon: ...,2026-01-21 22:57:38.510934
climate crisis,alarmist,/watch?v=zy7vUppYPC8&pp=ygUOY2xpbWF0ZSBjcmlzaXPSBwkJhwoBhyohjO8%3D,/@DWDocumentary,DW Documentary,Will renewables stop the climate crisis? | DW Documentary,537K,2 years,"Mankind is facing the greatest upheaval since industrialization. To stop climate change, the energy system must be transformed ...",2026-01-21 22:57:38.516603
climate crisis,alarmist,/watch?v=ECYMHIbBYyI&pp=ygUOY2xpbWF0ZSBjcmlzaXM%3D,/@pbsterra,PBS Terra,We Just Crossed Our FIRST Tipping Point… And It’s NOT What You Think,721K,2 months,Check out our Patreon: ...,2026-01-21 22:57:38.519087
climate crisis,alarmist,/watch?v=xnQEFTv75xg&pp=ygUOY2xpbWF0ZSBjcmlzaXPSBwkJhwoBhyohjO8%3D,/@get.factual,Get.factual,Antarctica’s Alarming Changes: New Discoveries & Climate Crisis | Full Documentary,245K,11 months,Filmmaker Mark Terry leads an expedition to Antarctica to report on the new discoveries made by the world's scientific community ...,2026-01-21 22:57:38.520801
climate crisis,alarmist,/watch?v=G4H1N_yXBiA&pp=ygUOY2xpbWF0ZSBjcmlzaXM%3D,/@NatGeo,National Geographic,Causes and Effects of Climate Change | National Geographic,5.8M,8 years,What causes climate change (also known as global warming)? And what are the effects of climate change? Learn the human ...,2026-01-21 22:57:38.525386
climate crisis,alarmist,/watch?v=afPVy0yiLRw&pp=ygUOY2xpbWF0ZSBjcmlzaXM%3D,/@DWDocumentary,DW Documentary,The climate crisis: Can smart ideas save the planet? | DW Documentary,368K,2 years,Can high-tech solutions help protect the climate? What would be the side effects of further human intervention in nature? Attempts ...,2026-01-21 22:57:38.527383
climate crisis,alarmist,/watch?v=Vl6VhCAeEfQ&pp=ygUOY2xpbWF0ZSBjcmlzaXM%3D,/@TED,TED,The Tipping Points of Climate Change — and Where We Stand | Johan Rockström | TED,1.4M,1 year,"We're nearly halfway through the 2020s, dubbed the most decisive decade for action on climate change. Where exactly do things ...",2026-01-21 22:57:38.531028
climate crisis,alarmist,/watch?v=Ztx0Bch3h9s&pp=ygUOY2xpbWF0ZSBjcmlzaXM%3D,/@TED,TED,Why Climate Action Is Unstoppable — and “Climate Realism” Is a Myth  | Al Gore | TED,550K,6 months,... have everything needed to solve the climate crisis — and reminds us of what the most valuable renewable resource actually is.,2026-01-21 22:57:38.532385
climate crisis,alarmist,/watch?v=yPl7PNF-APU&pp=ygUOY2xpbWF0ZSBjcmlzaXM%3D,/@TEDx,TEDx Talks,How to End the Climate Crisis by 2050 | Peter Fiekowsky | TEDxTaftAvenue,148K,4 months,NOTE FROM TED: Ocean iron fertilization remains criticized by experts working in this field who have expressed concerns about ...,2026-01-21 22:57:45.672413
climate crisis,alarmist,/watch?v=GrZ3YMTdL-o&pp=ygUOY2xpbWF0ZSBjcmlzaXM%3D,/@answersingenesis,Answers in Genesis,DEBUNKING the Climate “Crisis” in 10 Minutes,29K,2 months,"Why is there so much concern over the climate? Should Christians be worried? In this episode of Answers News, our hosts, Bryan ...",2026-01-21 22:57:45.673956
climate crisis,alarmist,/watch?v=I5ooJlrFwZk&pp=ygUOY2xpbWF0ZSBjcmlzaXM%3D,/@trtworld,TRT World,Hurricane Melissa made worse by climate crisis,645,2 months,"In this episode of Just 2 Degrees, we dive into the chaos Hurricane Melissa brought to Jamaica, Haiti and Cuba. A storm made ...",2026-01-21 22:57:45.677001
climate crisis,alarmist,/watch?v=yiw6_JakZFc&pp=ygUOY2xpbWF0ZSBjcmlzaXM%3D,/@kurzgesagt,Kurzgesagt – In a Nutshell,Can YOU Fix Climate Change?,14M,4 years,You want to learn more about science? Check out our sciency products on the kurzgesagt shop – all designed with love and ...,2026-01-21 22:57:45.678439
climate crisis,alarmist,/watch?v=k1oPVp63eNk&pp=ygUOY2xpbWF0ZSBjcmlzaXM%3D,/@TED,TED,The state of the climate crisis | Climate Action Tracker,221K,5 years,"Take action on climate change at http://countdown.ted.com. With the 2015 Paris Climate Agreement, 197 countries agreed to set ...",2026-01-21 22:57:45.681771
climate crisis,alarmist,/watch?v=Qdg4uQW8Dlg&pp=ygUOY2xpbWF0ZSBjcmlzaXM%3D,/@FoxNews,Fox News,There is no climate crisis: Tom Harris,1.1M,3 years,International Climate Science Coalition Executive Director Tom Harris discusses how he was once a climate alarmist but now ...,2026-01-21 22:57:45.683723
climate crisis,alarmist,/watch?v=UkhaC6Pc0ZM&pp=ygUOY2xpbWF0ZSBjcmlzaXM%3D,/@CuriosityStreaming,Curiosity Stream,The Environmental Effects of Climate Change On Our Planet | Breakthrough,120K,1 year,"Watch the full documentary: https://curiositystream.com/video/3015 Breakthrough, Climate Crisis The real impact of global ...",2026-01-21 22:57:45.685729
climate crisis,alarmist,/watch?v=-Q0xUXo2zEY&pp=ygUOY2xpbWF0ZSBjcmlzaXM%3D,/@guardiannews,Guardian News,Greta Thunberg and George Monbiot make short film on the climate crisis,1.2M,6 years,"Environmental activists Greta Thunberg and George Monbiot have helped produce a short film highlighting the need to protect, ...",2026-01-21 22:57:45.687603
climate crisis,alarmist,/watch?v=_px6cjngxlE&pp=ygUOY2xpbWF0ZSBjcmlzaXM%3D,/@ChrisHedgesChannel,The Chris Hedges YouTube Channel,Facing the Climate Crisis and Human Mortality (w/ Eiren Caffall) | The Chris Hedges Report,57K,8 months,"Author Eiren Caffall joins Chris Hedges to discuss her novel and memoir, and the consequences of a society unable to accept its ...",2026-01-21 22:57:45.689566
climate crisis,alarmist,/watch?v=-YWJPruTbnI&pp=ygUOY2xpbWF0ZSBjcmlzaXM%3D,/@UNFPA_Global,UNFPA,The climate crisis is putting women and girls in extreme danger,833,2 years,"The climate crisis is an emergency for everyone, but women and girls are paying a heavy price. Climate change leads to more ...",2026-01-21 22:57:45.691369
climate crisis,alarmist,/watch?v=5w7V09f3Dk0&pp=ygUOY2xpbWF0ZSBjcmlzaXM%3D,/@Get.history,Get.history,Antarctica Is Melting: The Climate Crisis Threatening Us All | Award-Winning Documentary,106K,6 months,Antarctica is changing faster than we imagined. This documentary takes viewers on a scientific journey across the Antarctic ...,2026-01-21 22:57:45.692988
climate crisis,alarmist,/watch?v=RNhbqQefPSg&pp=ygUOY2xpbWF0ZSBjcmlzaXM%3D,/@TED,TED,Can AI Help Solve the Climate Crisis? | Sims Witherspoon | TED,99K,2 years,"""AI can be a transformational tool in our fight against climate change,"" says Sims Witherspoon, a leader at the AI research lab ...",2026-01-21 22:57:45.695135
climate crisis,alarmist,/watch?v=N6t6QHQtdVw&pp=ygUOY2xpbWF0ZSBjcmlzaXM%3D,/@Peekaboo_Kidz,Peekaboo Kidz,Climate Change 101 | Keep The Environment Safe | The Dr Binocs Show | Peekaboo Kidz,2.8M,3 years,Climate | How To Keep The Environment Safe? | Global Warming | Climate Change | What Causes Global Warming?,2026-01-21 22:57:45.697273
climate crisis,alarmist,/watch?v=FIyqBnuTnOs&pp=ygUOY2xpbWF0ZSBjcmlzaXM%3D,/@LeadingTRIP,The Rest Is Politics: Leading,How Do We Solve The Climate Crisis?,28K,3 weeks,"Can the planet sustain infinite economic growth, or is GDP a flawed metric? Is the UK genuinely decarbonising, or is it simply ...",2026-01-21 22:57:45.698660
climate crisis,alarmist,/watch?v=FPaEQENVQrI&pp=ygUOY2xpbWF0ZSBjcmlzaXM%3D,/@TheClimatePod,The Climate Pod,How A Climate Scientist Really Feels About The Crisis (w/ Dr. Kate Marvel),5.1K,3 months,"This week, Dr. Kate Marvel, author of Human Nature: Nine Ways to Feel About Our Changing Planet, is on the show to discuss the ...",2026-01-21 22:57:45.699852
climate crisis,alarmist,/watch?v=MwmH1cwAMF4&pp=ygUOY2xpbWF0ZSBjcmlzaXM%3D,/@D2E,Down To Earth,"2024 Climate Crisis, in 7 minutes!",18K,1 year,"Concluding the year 2024, Down to Earth has wrapped the major climate change induced crisis across the globe, in 7 minutes.",2026-01-21 22:57:45.701320
climate crisis,alarmist,/watch?v=DFtSJJ4_-pg&pp=ygUOY2xpbWF0ZSBjcmlzaXM%3D,/@France24_en,FRANCE 24 English,UN warns of climate crisis as most countries fail to update carbon plans • FRANCE 24 English,779,2 months,"A recent UN report reveals that most countries have failed to update their carbon-cutting plans as part of the Paris Agreement, and ...",2026-01-21 22:57:45.702751
climate crisis,alarmist,/watch?v=Q0QByIn-5ME&pp=ygUOY2xpbWF0ZSBjcmlzaXPSBwkJhwoBhyohjO8%3D,/@GMA,Good Morning America,Climate crisis in India: Saving tomorrow,6.1K,4 years,ABC's Foreign Correspondent James Longman is investigating the country's struggles with pollution. SUBSCRIBE to GMA's ...,2026-01-21 22:57:45.705652
climate crisis,alarmist,/watch?v=BgztAbqgarw&pp=ygUOY2xpbWF0ZSBjcmlzaXM%3D,/@BestDoc,Best Documentary,Disruption: the Urgency of the Climate Crisis,17K,1 year,"DISRUPTION weaves commentary from the most recognized voices analyzing climate, politics and society today together with ...",2026-01-21 22:57:54.426381
climate crisis,alarmist,/watch?v=I34CfKGl7XY&list=RDI34CfKGl7XY&start_radio=1&pp=ygUOY2xpbWF0ZSBjcmlzaXOgBwE%3D,/@nowthisimpact,NowThis Impact,Irish School Kids Rap About the Climate Crisis | NowThis,99K,5 years,Listen to these kids' rap about combating the climate crisis. » Subscribe to NowThis: http://go.nowth.is/News_Subscribe » Sign ...,2026-01-21 22:57:54.430214
climate crisis,alarmist,/watch?v=G9t__9Tmwv4&t=47s&pp=ygUOY2xpbWF0ZSBjcmlzaXPSBwkJhwoBhyohjO8%3D,/@Scienceabc,Science ABC,Climate Change and Global Warming: Explained in Simple Words for Beginners,652K,3 years,#climatechange #globalwarming #climatecrisis Chapters: 0:00 Introduction 0:47 Causes of Climate Change 2:28 Impact of ...,2026-01-21 22:57:54.439782
climate crisis,alarmist,/watch?v=pZ57Jd08w6I&pp=ygUOY2xpbWF0ZSBjcmlzaXM%3D,/@ScienceTech_TV,Science Tech TV,Climate Crisis: The Fight for Our Survival | DISRUPTION: Climate Change | Full Documentary,10K,1 year,"DISRUPTION: Climate Change Exposing the greatest existential threat humanity has ever faced, this documentary lays bare the ...",2026-01-21 22:57:54.445652
climate crisis,alarmist,/watch?v=nhFABRmqd1Y&pp=ygUOY2xpbWF0ZSBjcmlzaXM%3D,/@BreakThroughNews,BreakThrough News,Decarbonizing the Planet: China Leads the Way Out of the Climate Crisis,20K,3 months,A new British energy think tank report argues that China is decarbonizing the planet at a scale never seen before in human history ...,2026-01-21 22:57:54.450225
climate crisis,alarmist,/watch?v=sDwyjc-OIbk&pp=ygUOY2xpbWF0ZSBjcmlzaXM%3D,/@France24_en,FRANCE 24 English,"Climate crisis is a health crisis, WHO chief says • FRANCE 24 English",1.2K,2 months,"The WHO said Wednesday that it was time for formal negotiations on health at the COP climate summits, saying the climate crisis ...",2026-01-21 22:57:54.453839
climate crisis,alarmist,/watch?v=xmdBbs3O1g4&pp=ygUOY2xpbWF0ZSBjcmlzaXM%3D,/@climatedebate,Climate Debate,Why there is no 'climate crisis',36K,2 years,"An explanation of the facts that show that there is no 'climate emergency' or 'climate crisis', and where these alarmist ideas come ...",2026-01-21 22:57:54.458429
climate crisis,alarmist,/watch?v=fqXys5VluIQ&pp=ygUOY2xpbWF0ZSBjcmlzaXPSBwkJhwoBhyohjO8%3D,/@aljazeeraenglish,Al Jazeera English,Why our brains are wired to ignore the climate crisis | All Hail The Planet,19K,1 year,"Telling the story of climate change psychology can reveal not only the ways in which we grapple with ecological breakdown, but ...",2026-01-21 22:57:54.463660
climate crisis,alarmist,/watch?v=SNVg2-tNcq8&pp=ygUOY2xpbWF0ZSBjcmlzaXM%3D,/@leenanorms,leena norms,“STOP having babies – it’s a climate crisis.”,54K,1 year,"Should you have children if climate change is about to ravish the earth? Is a birth strike the answer, or are things a little more ...",2026-01-21 22:57:54.469152
climate crisis,alarmist,/watch?v=bkrcxLgHn-w&pp=ygUOY2xpbWF0ZSBjcmlzaXM%3D,/@TheOnion,The Onion,Scientist Explains How Climate Crisis Would Be Averted If Greta Thunberg Just Tried A Little Harder,1.8M,2 years,"Is climate change reversible? Dr. Douglas Harrison, a climatologist at the Pratt Climate Institute, believes so. But as he explains, ...",2026-01-21 22:57:54.472771
climate crisis,alarmist,/watch?v=1wi-jqU6mfA&pp=ygUOY2xpbWF0ZSBjcmlzaXM%3D,/@Wfaa8,WFAA,President Biden delivers remarks on the climate crisis,4.5K,3 years,The President delivers remarks on tackling the climate crisis and seizing the opportunity of a clean energy future to create jobs ...,2026-01-21 22:57:54.475829
climate crisis,alarmist,/watch?v=r593zLtZxAU&pp=ygUOY2xpbWF0ZSBjcmlzaXM%3D,/@TEDEd,TED-Ed,Averting the climate crisis - Al Gore,67K,12 years,"With the same humor and humanity he exuded in An Inconvenient Truth, Al Gore spells out 15 ways that individuals can address ...",2026-01-21 22:58:02.679608
climate crisis,alarmist,/watch?v=xz3jlu6SjXo&pp=ygUOY2xpbWF0ZSBjcmlzaXM%3D,/@TEDx,TEDx Talks,Animals and the climate crisis: a missing perspective | Ryuji Chua | TEDxWarwick,4K,3 years,Ryuji Chua shares his gripping perspective on the climate crisis and its consequences for species and the ecosystems they ...,2026-01-21 22:58:02.683709
climate crisis,alarmist,/watch?v=SNPL0QhjRwI&pp=ygUOY2xpbWF0ZSBjcmlzaXM%3D,/@bbclearningenglish,BBC Learning English,Climate crisis: Last warning for humanity? BBC News Review,179K,4 years,"The world's largest ever report into climate change is published, setting out the stark reality of the state of the planet. The study, by ...",2026-01-21 22:58:02.689961
climate crisis,alarmist,/watch?v=shTNvH_Is0U&pp=ygUOY2xpbWF0ZSBjcmlzaXM%3D,/@FreeFreeForum,FREE – Forum for Real Economic Emancipation,Why the Climate Crisis Still Makes Sense Under Capitalism | Andreas Malm,4.3K,2 months,"In this full interview on the climate crisis, capitalism, and fossil fuels, journalist and academic Andreas Malm (How to Blow Up a ...",2026-01-21 22:58:02.696372
climate crisis,alarmist,/watch?v=rDiGYuQicpA&pp=ygUOY2xpbWF0ZSBjcmlzaXM%3D,/@TED,TED,Averting the climate crisis | Al Gore,288K,19 years,"http://www.ted.com With the same humor and humanity he exuded in An Inconvenient Truth, Al Gore spells out 15 ways that ...",2026-01-21 22:58:02.702325
climate crisis,alarmist,/watch?v=xxhRXYWucXs&pp=ygUOY2xpbWF0ZSBjcmlzaXM%3D,/@WorldFoodProgramme,World Food Programme,Is the climate crisis driving a hunger crisis?,143K,3 years,"If emissions are not urgently reduced, 30% of global food production is at risk by the end of this century. Increasingly severe and ...",2026-01-21 22:58:02.703737
climate crisis,alarmist,/watch?v=RFjAjO0dl3M&pp=ygUOY2xpbWF0ZSBjcmlzaXM%3D,/@aljazeeraenglish,Al Jazeera English,Militaries are fuelling the climate crisis | All Hail The Planet,47K,1 year,"The impact of war is so much more than just the emissions from tanks, ships and warplanes - modern warfare has a devastating ...",2026-01-21 22:58:02.705023
climate crisis,alarmist,/watch?v=3KzckXS3AgI&pp=ygUOY2xpbWF0ZSBjcmlzaXPSBwkJhwoBhyohjO8%3D,/@greenpeace,Greenpeace International,Roundtable: Feminism in the Climate Crisis - and How They Are Interconnected,1.1K,Streamed 3 years,"We will have a live discussion on Feminism in the climate crisis co-created with Amnesty International, the panel will feature a ...",2026-01-21 22:58:02.706810
climate crisis,alarmist,/watch?v=kRdbpglU4CI&pp=ygUOY2xpbWF0ZSBjcmlzaXM%3D,/@EarthshotPrize,The Earthshot Prize,The Climate Crisis Needs Creativity - Meet the Changemakers,1K,8 months,"Across the globe, voices are rising - for our planet and for our future. These are the gamechangers, the makers, the creatives, the ...",2026-01-21 22:58:02.708028
climate crisis,alarmist,/watch?v=qwLU7aCGkcY&pp=ygUOY2xpbWF0ZSBjcmlzaXM%3D,/@postcarboninstitute,Post Carbon Institute,Michael Mann: How Bad Is the Climate Crisis?,19K,5 years,"Average global surface temperatures have surpassed 1.1º Celsius above pre-industrial levels. In this episode of the ""Great ...",2026-01-21 22:58:02.709900
climate crisis,alarmist,/watch?v=BNXkJPKsn2w&pp=ygUOY2xpbWF0ZSBjcmlzaXM%3D,/@NutritionFactsOrg,NutritionFacts.org,Podcast: Dietary Solutions to the Climate Crisis,2.2K,6 days,Is there a way to change our diet and lifestyle for the good of the planet? This episode features audio from: ...,2026-01-21 22:58:02.712405
climate crisis,alarmist,/watch?v=PlBLxZmUHj4&pp=ygUOY2xpbWF0ZSBjcmlzaXM%3D,/@OFLCOMMUNICATIONS,OFL Comms,Labour Confronts the Climate Crisis,51,4 years,"When it comes to the climate crisis what's at stake? What's the science? Where do pensions fit in? On Friday, October 15, and ...",2026-01-21 22:58:02.713770
climate emergency,alarmist,/watch?v=zVw6gIP7JUw&pp=ygURY2xpbWF0ZSBlbWVyZ2VuY3k%3D,/@ClimateEmergencyForum,Climate Emergency Forum,Dr. Hansen's Climate Warning: It's Worse Than We Thought,37K,5 months,"This engaging video features a pivotal dialogue on the latest work of Dr. James Hansen, ""Seeing the Forest for the Trees,"" which ...",2026-01-21 22:58:19.499132
climate emergency,alarmist,/watch?v=dyHZUGHwX1Q&pp=ygURY2xpbWF0ZSBlbWVyZ2VuY3k%3D,/@ClimateEmergencyForum,Climate Emergency Forum,Climate Emergency 2025: Year in Review,3.5K,3 weeks,This year‑end episode of Climate Emergency Forum brings together host Herb Simmens and climate system scientist Paul ...,2026-01-21 22:58:19.500490
climate emergency,alarmist,/watch?v=215WxRq7E7E&pp=ygURY2xpbWF0ZSBlbWVyZ2VuY3k%3D,/@ClimateEmergencyForum,Climate Emergency Forum,What's Up with COP30,4.9K,2 months,Join us for a critical discussion as the Climate Emergency Forum panel delves into the upcoming COP30 climate conference in ...,2026-01-21 22:58:19.501833
climate emergency,alarmist,/watch?v=PW9qYpm2xaE&pp=ygURY2xpbWF0ZSBlbWVyZ2VuY3k%3D,/@ClimateEmergencyForum,Climate Emergency Forum,Beyond Carbon: Healthy Oceans and Forests Could Be Key to Climate,3.6K,2 months,"Join Prof Jem Bendell, pioneering thinker behind Deep Adaptation, as he tackles the urgent need for forest conservation, ocean ...",2026-01-21 22:58:19.503604
climate emergency,alarmist,/watch?v=0sNP5jgDa_g&pp=ygURY2xpbWF0ZSBlbWVyZ2VuY3k%3D,/@ABCNewsIndepth,ABC News In-depth,Climate Emergency: Australia on the frontline of climate change | 7.30,34K,4 years,"This week the new US President Joe Biden will host a virtual summit for world leaders, pushing for more coordinated and ...",2026-01-21 22:58:19.505391
climate emergency,alarmist,/watch?v=P19ywkobLX8&pp=ygURY2xpbWF0ZSBlbWVyZ2VuY3k%3D,/@PragerU,PragerU,Is There Really a Climate Emergency? | 5 Minute Video,960K,4 years,"The climate is the most complex system on Earth. Is it really possible to project with any precision what it will be like 20, 40, ...",2026-01-21 22:58:19.507594
climate emergency,alarmist,/watch?v=goZ1CwhdO3Y&pp=ygURY2xpbWF0ZSBlbWVyZ2VuY3k%3D,/@ClimateEmergencyForum,Climate Emergency Forum,Global Tipping Points: Inside the 2025 Report,11K,1 month,"This episode of Climate Emergency Forum unpacks the new 2025 global climate tipping points report, authored by more than 160 ...",2026-01-21 22:58:19.509025
climate emergency,alarmist,/watch?v=Kd3RTm4yk2E&pp=ygURY2xpbWF0ZSBlbWVyZ2VuY3k%3D,/@ClimateEmergencyForum,Climate Emergency Forum,A Polar Ice Scientist: Peter Wadhams' Journey,5.3K,4 months,"This episode explores the life and impact of a pioneering polar ice scientist Dr. Peter Wadhams, renowned for decades of ...",2026-01-21 22:58:19.510825
climate emergency,alarmist,/watch?v=SWVZc1coiNQ&pp=ygURY2xpbWF0ZSBlbWVyZ2VuY3k%3D,/@ScienceTalkOfficial,Science Talk,The Worst Outcome of Systematic Collapse I Cascading Climate Tipping Points I Climate Emergency,12K,2 months,climatechange #collapse #climaterisk In this Science Talk episode I discussed the worst outcome of climate tipping points. David ...,2026-01-21 22:58:19.512422
climate emergency,alarmist,/watch?v=t980-cU_GiY&pp=ygURY2xpbWF0ZSBlbWVyZ2VuY3k%3D,/@ClimateEmergencyForum,Climate Emergency Forum,Coral Reefs - The Ocean's Rain Forests in Decline,2.3K,3 months,"This video centers on the urgent decline of coral reefs, described as the “rainforests of the ocean” due to their immense ...",2026-01-21 22:58:19.513929
climate emergency,alarmist,/watch?v=6WQYKkbdhCM&pp=ygURY2xpbWF0ZSBlbWVyZ2VuY3k%3D,/@cityofvancouver,City of Vancouver,Climate Emergency,16K,5 years,Vancouver City Council declared a Climate Emergency in 2019 to accelerate actions in response to the climate crisis. Learn more ...,2026-01-21 22:58:19.515553
climate emergency,alarmist,/watch?v=EpMYW0ZYqHI&pp=ygURY2xpbWF0ZSBlbWVyZ2VuY3k%3D,/@ClimateEmergencyForum,Climate Emergency Forum,Raging Water: Climate Change Unleashed,14K,6 months,"The Climate Emergency Forum discusses the increasing frequency and intensity of climate change-driven floods, particularly in ...",2026-01-21 22:58:19.516803
climate emergency,alarmist,/watch?v=RVcsV_-erys&pp=ygURY2xpbWF0ZSBlbWVyZ2VuY3k%3D,/@guardiannews,Guardian News,2050: what happens if we ignore the climate crisis,230K,4 years,... Instagram ▻ https://instagram/guardian #ClimateChange #ClimateCrisis #NetZero #ClimateBreakdown #ClimateEmergency.,2026-01-21 22:58:19.518339
climate emergency,alarmist,/watch?v=HJdKqAVzG-I&pp=ygURY2xpbWF0ZSBlbWVyZ2VuY3k%3D,/@climateemergencyunit,Climate Emergency Unit,6 Markers of Climate Emergency,766,1 month,"When action is needed to confront an existential threat, what does it look, sound and feel like when leaders are in genuine ...",2026-01-21 22:58:19.519652
climate emergency,alarmist,/watch?v=3tNq4bxDnXs&pp=ygURY2xpbWF0ZSBlbWVyZ2VuY3nSBwkJhwoBhyohjO8%3D,/@ClimateEmergencyForum,Climate Emergency Forum,Who Decides: The Battle Over Geoengineering the Arctic,2.5K,3 months,"Join us for another impactful episode of the Climate Emergency Forum, where we take a critical look at one of this year's most ...",2026-01-21 22:58:19.521254
climate emergency,alarmist,/watch?v=jvT5SFjfnuA&pp=ygURY2xpbWF0ZSBlbWVyZ2VuY3k%3D,/@ClimateEmergencyForum,Climate Emergency Forum,Antarctic Sea Ice - A New Climate Tipping Point,7.9K,4 months,"This Climate Emergency Forum episode, hosted by Herb Simmens and featuring climate scientist Paul Beckwith, explores ...",2026-01-21 22:58:19.522653
climate emergency,alarmist,/watch?v=0eHNaABPIBE&pp=ygURY2xpbWF0ZSBlbWVyZ2VuY3nSBwkJhwoBhyohjO8%3D,/@ClimateEmergencyForum,Climate Emergency Forum,COP30 Recap,1.7K,1 month,"This Climate Emergency Forum episode offers a candid, sometimes sobering wrap-up of COP30 in Belém, Brazil, asking what ...",2026-01-21 22:58:19.523802
climate emergency,alarmist,/watch?v=XJIDvwwPb1Q&pp=ygURY2xpbWF0ZSBlbWVyZ2VuY3nSBwkJhwoBhyohjO8%3D,/@ClimateEmergencyForum,Climate Emergency Forum,2026: Where the Climate Emergency Stands Now,5.5K,1 day,"An alarming new study by Pan & Cheng shows that 2025 set yet another record for global ocean heat content, with the upper ...",2026-01-21 22:58:26.063212
climate emergency,alarmist,/watch?v=pYXfVskMGdQ&pp=ygURY2xpbWF0ZSBlbWVyZ2VuY3k%3D,/@UniversityOfBristol,University of Bristol,What is a Climate Emergency?,4.3K,3 years,"In part one of our mini-series on the University of Bristol's response to the Climate Emergency, find out why we were the first UK ...",2026-01-21 22:58:26.064715
climate emergency,alarmist,/watch?v=SasKEzVkk7A&pp=ygURY2xpbWF0ZSBlbWVyZ2VuY3k%3D,/@ClimateEmergencyForum,Climate Emergency Forum,Doomsday Glacier and a Seabed Curtain,3.6K,8 days,"A bold new proposal aims to “hold back” the Doomsday Glacier. In this episode of the Climate Emergency Forum, Herb Simmens ...",2026-01-21 22:58:26.066122
climate emergency,alarmist,/watch?v=fNbNm18eBhQ&pp=ygURY2xpbWF0ZSBlbWVyZ2VuY3k%3D,/@ClimateEmergencyForum,Climate Emergency Forum,The Equity of Climate Intervention,1.4K,1 month,This episode explores the dual challenge facing global climate action: not only are emission reductions and natural carbon sinks ...,2026-01-21 22:58:26.067693
climate emergency,alarmist,/watch?v=7v27jryUknI&pp=ygURY2xpbWF0ZSBlbWVyZ2VuY3k%3D,/@ClimateEmergencyForum,Climate Emergency Forum,A Climate Advisor: Sir David King’s Journey,3.6K,1 month,"This Climate Emergency Forum episode features an in-depth conversation with Sir David King, one of the world's most influential ...",2026-01-21 22:58:26.069164
climate emergency,alarmist,/watch?v=HF26skT7zxE&pp=ygURY2xpbWF0ZSBlbWVyZ2VuY3k%3D,/@ClimateEmergencyForum,Climate Emergency Forum,Climate Crisis Toolbox: More Than Emission Cuts,1.3K,2 months,"This episode of the Climate Emergency Forum features a compelling discussion with Dr. Shaun Fitzgerald, Director of the Centre ...",2026-01-21 22:58:26.070635
climate emergency,alarmist,/watch?v=8sa7uh192r0&pp=ygURY2xpbWF0ZSBlbWVyZ2VuY3k%3D,/@JustHaveaThink,Just Have a Think,This is not the video I had planned to make.,359K,1 month,"I had a completely different video planned for today. But life changed last week, and I thought you should know about it. Visit the ...",2026-01-21 22:58:26.072093
climate emergency,alarmist,/watch?v=kjIiPBYgPTs&pp=ygURY2xpbWF0ZSBlbWVyZ2VuY3k%3D,/@ClimateEmergencyForum,Climate Emergency Forum,Utility-Scale Solar Doubles Every 3 Years: Is It Enough?,2.1K,1 month,"Solar power has gone from niche and expensive to the fastest-growing source of new energy on Earth, dropping in cost by more ...",2026-01-21 22:58:26.073493
climate emergency,alarmist,/watch?v=_0cUX4wIO8o&pp=ygURY2xpbWF0ZSBlbWVyZ2VuY3k%3D,/@ClimateEmergencyForum,Climate Emergency Forum,The Climate Triad For a Safe and Healthy Climate,2K,5 months,"This video, which is part 1 of a 4 part series of videos which features in-depth presentations and dialogue from the 2025 London ...",2026-01-21 22:58:26.074869
climate emergency,alarmist,/watch?v=p9WsgY1eqA4&pp=ygURY2xpbWF0ZSBlbWVyZ2VuY3k%3D,/@thenewindianxpress,The New Indian Express,Climate Emergency: Countries across the world experience massive flooding,686,4 years,"Countries such as India, USA, China, Germany, Belgium etc are all experiencing flooding. And what's the common thread here?",2026-01-21 22:58:26.076835
climate emergency,alarmist,/watch?v=sEHot7F_dnI&pp=ygURY2xpbWF0ZSBlbWVyZ2VuY3k%3D,/@OregonStateUniv,Oregon State University,World Scientists’ Warning of a Climate Emergency,85K,5 years,"Read more about the current climate emergency. https://bit.ly/3nk4QXt Researcher William Ripple discusses the ""six steps,"" ...",2026-01-21 22:58:26.079036
climate emergency,alarmist,/watch?v=NCb0v7xJvt8&pp=ygURY2xpbWF0ZSBlbWVyZ2VuY3k%3D,/@euronews,euronews,UK Parliament declares climate change an emergency? | #TheCube,3.2K,6 years,What are the top stories today? Click to watch: https://www.youtube.com/user/Euronews/videos?sub_confirmation=1 Subscribe to ...,2026-01-21 22:58:26.080401
climate emergency,alarmist,/watch?v=gDdy9BBTf1k&pp=ygURY2xpbWF0ZSBlbWVyZ2VuY3k%3D,/@ClimateEmergencyForum,Climate Emergency Forum,Cities and the Climate Emergency,5K,4 months,"In this video the Climate Emergency Forum focuses on the intersection of urban design, cities, and the climate emergency.",2026-01-21 22:58:26.081833
climate emergency,alarmist,/watch?v=HsY1MLIOmMU&pp=ygURY2xpbWF0ZSBlbWVyZ2VuY3k%3D,/@ClimateEmergencyForum,Climate Emergency Forum,COP30: Climate Hope Through Plankton Power,1.5K,2 months,"Welcome to the Climate Emergency Forum at COP30 in Belém, Brazil! In this special episode, host Herb Simmens and regular ...",2026-01-21 22:58:26.083188
climate emergency,alarmist,/watch?v=rI8z6A0c5Q4&pp=ygURY2xpbWF0ZSBlbWVyZ2VuY3k%3D,/@nebriefing,The National Emergency Briefing,Climate - Prof Kevin Anderson | National Emergency Briefing,7.1K,1 month,"On Thursday 27th November 2025 a National Emergency Briefing on Climate & Nature was held in Westminster Central Hall, ...",2026-01-21 22:58:26.084643
climate emergency,alarmist,/watch?v=fHSpi5XhLOE&pp=ygURY2xpbWF0ZSBlbWVyZ2VuY3k%3D,/@ClimateEmergencyForum,Climate Emergency Forum,Fungi & Climate Change: Hidden Solutions and New Risks,4.1K,2 months,"This episode of the Climate Emergency Forum explores the fascinating hidden world of fungi. Often overlooked, fungi are ...",2026-01-21 22:58:26.086378
climate emergency,alarmist,/watch?v=IkxYmkynmaI&pp=ygURY2xpbWF0ZSBlbWVyZ2VuY3k%3D,/@SkyNewsAustralia,Sky News Australia,Sky News host mocks Canadian MP getting emotional over 'climate emergency',34K,1 year,Sky News host Rita Panahi has mocked Canadian MP Laurel Collins after she got emotional when talking about a “climate ...,2026-01-21 22:58:26.087867
climate emergency,alarmist,/watch?v=F8vI5_gN90g&pp=ygURY2xpbWF0ZSBlbWVyZ2VuY3k%3D,/@aljazeeraenglish,Al Jazeera English,Inside the planet’s most urgent climate warning | Global Warning E1 | Featured Documentary,517K,3 months,"This decisive decade demands unprecedented action to address humanity's greatest challenge. With global access, this ...",2026-01-21 22:58:35.302140
climate emergency,alarmist,/watch?v=baJPuEChVag&pp=ygURY2xpbWF0ZSBlbWVyZ2VuY3k%3D,/@scrippsnews,Scripps News,UK lawmakers declare symbolic climate emergency,890,6 years,"U.K. Parliament members backed a motion calling for the declaration, which was put forward by opposition Labour leader Jeremy ...",2026-01-21 22:58:35.303965
climate emergency,alarmist,/watch?v=EHQjeYQA35w&pp=ygURY2xpbWF0ZSBlbWVyZ2VuY3k%3D,/@ClimateEmergencyForum,Climate Emergency Forum,Rethinking Economics for the Climate Emergency,3.3K,5 months,"This video, which is part 3 of a 4 part series of videos which features in-depth presentations and dialogue from the 2025 London ...",2026-01-21 22:58:35.305253
climate emergency,alarmist,/watch?v=V7vZGYfXChw&pp=ygURY2xpbWF0ZSBlbWVyZ2VuY3k%3D,/@ClimateEmergencyForum,Climate Emergency Forum,Facing Big Questions on Climate & Economics,2.2K,5 months,"This video, which is part 4 of a 4 part series of videos which features in-depth presentations and dialogue from the 2025 London ...",2026-01-21 22:58:35.306533
climate emergency,alarmist,/watch?v=2mCu3rRZUjI&pp=ygURY2xpbWF0ZSBlbWVyZ2VuY3k%3D,/@TEDx,TEDx Talks,U.S. Forests and the Climate Emergency | Danna Smith | TEDxAsheville,2K,8 years,Standing forests represent our best available technology for removing carbon from the atmosphere and storing it long-term.,2026-01-21 22:58:35.308921
climate emergency,alarmist,/watch?v=DN9wygxKexQ&pp=ygURY2xpbWF0ZSBlbWVyZ2VuY3k%3D,/@MarianneWilliamsonCommunity,Marianne Williamson,Climate Emergency! | Marianne Williamson in conversation with climate Scientist Peter Kalmus,18K,3 years,Marianne Williamson interviews climate scientist Peter Kalmus for Earth Day. Visit MarianneWilliamson.Substack.com and ...,2026-01-21 22:58:35.311135
climate emergency,alarmist,/watch?v=D_qEWSGr_aw&pp=ygURY2xpbWF0ZSBlbWVyZ2VuY3k%3D,/@dailymirror,The Mirror,Chris Packham holds National Emergency Briefing on the climate and nature crisis,4.9K,Streamed 1 month,"Ten of the UK's leading experts will brief an audience of politicians and leaders from business, culture, faith, sport and the media ...",2026-01-21 22:58:35.312514
climate emergency,alarmist,/watch?v=3SD-Mrv7QLQ&pp=ygURY2xpbWF0ZSBlbWVyZ2VuY3k%3D,/@CBCNews,CBC News,"11,000 scientists sign declaration of climate emergency",32K,6 years,A collection of 11000 scientists from 153 countries has signed a declaration of climate emergency published in the journal ...,2026-01-21 22:58:35.314767
climate emergency,alarmist,/watch?v=0Lc8xOLVvjk&pp=ygURY2xpbWF0ZSBlbWVyZ2VuY3k%3D,/@9NewsAUS,9 News Australia,Thousands of scientists join forces to declare climate emergency | Nine News Australia,2.2K,6 years,More than 11000 scientists from 153 countries have signed a powerful scientific paper to declare a global climate emergency.,2026-01-21 22:58:35.316837
climate emergency,alarmist,/watch?v=h0WwODbyzeg&pp=ygURY2xpbWF0ZSBlbWVyZ2VuY3k%3D,/@EarthScienceAnswers,Earth Science Answers,What Is A Climate Emergency? - Earth Science Answers,9,7 months,"What Is A Climate Emergency? In this informative video, we will discuss the pressing issue of climate emergencies and what it ...",2026-01-21 22:58:35.318195
climate emergency,alarmist,/watch?v=QeCP2ZW6YVs&pp=ygURY2xpbWF0ZSBlbWVyZ2VuY3k%3D,/@kxan_news,KXAN,Texas campaigners put pressure on President Biden to declare climate emergency,468,4 years,Texas climate campaigners are turning up the heat on President Joe Biden ahead of the Global Climate Summit in Scotland next ...,2026-01-21 22:58:35.320155
climate emergency,alarmist,/watch?v=-3F8RdbjuPw&pp=ygURY2xpbWF0ZSBlbWVyZ2VuY3k%3D,/@jeremycorbyn,Official Jeremy Corbyn Channel,Jeremy Corbyn | Climate Emergency,1.5K,6 years,Now it's about what we do next. #ClimateEmergency.,2026-01-21 22:58:35.322876
climate emergency,alarmist,/watch?v=UxBoUDEKKns&pp=ygURY2xpbWF0ZSBlbWVyZ2VuY3k%3D,/@WION,WION,UK Parliament declares climate change emergency,2K,6 years,UK Parliament MPs have approved a motion to declare an environment and a climate emergency. Watch the full video to know ...,2026-01-21 22:58:35.324215
climate emergency,alarmist,/watch?v=fEks1jOW1h8&pp=ygURY2xpbWF0ZSBlbWVyZ2VuY3k%3D,/@nowthisimpact,NowThis Impact,"Why Congress Must Declare a Climate Emergency, Says Adam McKay | Opinions | NowThis",7.5K,6 years,'We're all acting like everything is normal … the house is on fire.' — Adam McKay and Climate Mobilization have a plan to cancel ...,2026-01-21 22:58:35.328330
climate emergency,alarmist,/watch?v=2-PFKT1SNc4&pp=ygURY2xpbWF0ZSBlbWVyZ2VuY3k%3D,/@GBNewsOnline,GBNews,WATCH: National Emergency briefing on climate and nature by UK experts,18K,Streamed 1 month,"Ten of the UK's leading experts will brief politicians and leaders from business, culture, faith, sport and the media on the latest ...",2026-01-21 22:58:35.329717
climate emergency,alarmist,/watch?v=I3keC43JzQs&pp=ygURY2xpbWF0ZSBlbWVyZ2VuY3k%3D,/@CBNnewsonline,CBN News,Are Climate Lockdowns Coming Because of a 'Climate Emergency'?,9K,4 years,"In early December, the Washington Post reported that because of climate change, snow in the Mountain West ""may vanish for ...",2026-01-21 22:58:35.332187
climate emergency,alarmist,/watch?v=lS1nraRGGQw&pp=ygURY2xpbWF0ZSBlbWVyZ2VuY3k%3D,/@curtinuniversity,Curtin University,Master of Environment and Climate Emergency at Curtin,872,2 years,"Hear from our graduate Tyler, who studied a Master of Environment and Climate Emergency. This course will help you develop ...",2026-01-21 22:58:35.333740
climate emergency,alarmist,/watch?v=ZcTicMv2zFA&pp=ygURY2xpbWF0ZSBlbWVyZ2VuY3k%3D,/@Reuters,Reuters,New Zealand declares climate emergency,9.7K,5 years,New Zealand promised its public sector would become carbon neutral by 2025 as it declared a climate emergency. Subscribe: ...,2026-01-21 22:58:43.623913
climate emergency,alarmist,/watch?v=1TCTsSxcmfg&pp=ygURY2xpbWF0ZSBlbWVyZ2VuY3k%3D,/@CTVNews,CTV News,Climate emergency dispute,377,4 months,Calgary's contentious climate emergency declaration will stick around after an effort to end the action failed at city council.,2026-01-21 22:58:43.625229
climate emergency,alarmist,/watch?v=qT-ooH96Lzc&pp=ygURY2xpbWF0ZSBlbWVyZ2VuY3k%3D,/@CityofLondonOntario,CityofLondonOntario,Climate Emergency Action Plan: Get involved and share your feedback,9.7K,4 years,The City of London is continuing to develop our community's Climate Emergency Action Plan and we need your input.,2026-01-21 22:58:43.626501
climate emergency,alarmist,/watch?v=3SOENeBwJyo&pp=ygURY2xpbWF0ZSBlbWVyZ2VuY3k%3D,/@bbclearningenglish,BBC Learning English,Climate emergency - The English We Speak,21K,5 years,The 'climate emergency' is a threat we all face as human beings. Scientists have been warning us for a long time about the ...,2026-01-21 22:58:43.628275
climate emergency,alarmist,/watch?v=yyl2CIMkQSk&pp=ygURY2xpbWF0ZSBlbWVyZ2VuY3nSBwkJhwoBhyohjO8%3D,/@SansadTV,Sansad TV,The Big Picture: Climate Emergency,32K,6 years,"Lawmakers in the UK Parliament have declared ""an environment and climate emergency,"" making it the first country in the world ...",2026-01-21 22:58:43.630161
climate emergency,alarmist,/watch?v=FsvESHyJ6hI&pp=ygURY2xpbWF0ZSBlbWVyZ2VuY3k%3D,/@WVECTelevisionInc,13News Now,Biden considers declaring climate emergency amid worsening crisis,11K,3 years,"President Biden is looking to revive his climate agenda, after a serious blow in Congress. Subscribe: ...",2026-01-21 22:58:43.631476
climate emergency,alarmist,/watch?v=GfXqeQDoiFg&pp=ygURY2xpbWF0ZSBlbWVyZ2VuY3k%3D,/@theLondonSchoolofEconomics,LSE,We Have Declared a Climate Emergency! Now what? | LSE Festival,1K,4 years,"The translation of climate policy into “on the ground” actions in our communities should deliver healthier, more prosperous and ...",2026-01-21 22:58:43.633423
climate emergency,alarmist,/watch?v=6eMh060dLFg&pp=ygURY2xpbWF0ZSBlbWVyZ2VuY3k%3D,/@msfuk,Médecins Sans Frontières/Doctors Without Borders,CLIMATE EMERGENCY | Why the crisis matters to MSF,574,2 years,"Maria Guevara is the International Medical Secretary for MSF. In this video, she explains the negative health and humanitarian ...",2026-01-21 22:58:43.635249
climate emergency,alarmist,/watch?v=UuUWMM1Aipk&pp=ygURY2xpbWF0ZSBlbWVyZ2VuY3k%3D,/@APArchive,AP Archive,Newsom: we're in the midst of a climate emergency,408,5 years,(11 Sep 2020) FOR CLEAN VERSION SEE STORY NUMBER: 4287672 Gov. Gavin Newsom on Friday toured the area ...,2026-01-21 22:58:43.636463
climate emergency,alarmist,/watch?v=7Zxe5kHUQCw&pp=ygURY2xpbWF0ZSBlbWVyZ2VuY3k%3D,/@GZEROMedia,GZERO Media,Climate Emergency: Limited Biden Executive Power | US Politics In :60 | GZERO Media,1.3K,3 years,Biden's goal of creating a carbon pollution-free sector by 2035 was rejected by the Senate. Subscribe to GZERO on YouTube: ...,2026-01-21 22:58:43.637660
climate emergency,alarmist,/watch?v=15FjUKImTa0&pp=ygURY2xpbWF0ZSBlbWVyZ2VuY3k%3D,/@dwnews,DW News,European Parliament declares climate emergency | DW News,8.7K,6 years,"The European Parliament has voted to declare a ""climate emergency."" Lawmakers hope the move will send a powerful signal to ...",2026-01-21 22:58:43.638986
climate emergency,alarmist,/watch?v=I1INaR48cUE&pp=ygURY2xpbWF0ZSBlbWVyZ2VuY3k%3D,/@Channel4News,Channel 4 News,Revealed: North Sea oil company chief exec claims climate emergency is ‘fake’,19K,4 years,Scientists overwhelmingly agree the main cause of global warming is the burning of fossil fuels. (Subscribe: ...,2026-01-21 22:58:43.640882
climate emergency,alarmist,/watch?v=sJVBuVYBCO0&pp=ygURY2xpbWF0ZSBlbWVyZ2VuY3k%3D,/@SkyNewsAustralia,Sky News Australia,Sydney’s climate emergency ‘over-emotional posturing by politicians’,18K,6 years,"Chris Kenny is rubbishing the City of Sydney's declaration of a climate emergency, branding the move as 'over-emotional ...",2026-01-21 22:58:43.642152
climate emergency,alarmist,/watch?v=ZdssCJR_F5Y&pp=ygURY2xpbWF0ZSBlbWVyZ2VuY3nSBwkJhwoBhyohjO8%3D,/@WION,WION,"Climate emergency: More than 11,000 scientists globally declare climate emergency",2.3K,6 years,Climate emergency: More than 11000 scientists globally declare climate emergency. Watch video to know more. The World is One ...,2026-01-21 22:58:43.644061
climate catastrophe,alarmist,/watch?v=i7wvtZKrTuE&pp=ygUTY2xpbWF0ZSBjYXRhc3Ryb3BoZQ%3D%3D,/@NakedScience,Naked Science,Is a Climate Catastrophe Already Underway? | Naked Science S3 Meltdown | FULL EPISODE,298K,9 months,Imagine a world where sea levels have risen by 20 feet. Cities flood and coastal regions disappear. Travel to Greenland where ...,2026-01-21 22:58:59.778594
climate catastrophe,alarmist,/watch?v=cKUz5Vjq9-s&pp=ygUTY2xpbWF0ZSBjYXRhc3Ryb3BoZQ%3D%3D,/@TimelineChannel,Timeline - World History Documentaries,What Really Happened During The Dark Age's Global Climate Catastrophe?,8.3M,8 years,"Researching a climatic catastrophe that rocked the Earth in A.D. 535, causing two years of darkness, famine, drought and disease.",2026-01-21 22:58:59.781319
climate catastrophe,alarmist,/watch?v=pEt6-jA2UE4&pp=ygUTY2xpbWF0ZSBjYXRhc3Ryb3BoZQ%3D%3D,/@DWDocumentary,DW Documentary,Climate change - Averting catastrophe | DW Documentary,3M,2 years,"In the last 30 years, CO2 emissions have increased by 60 percent worldwide. The most pressing problem facing our civilization is ...",2026-01-21 22:58:59.782770
climate catastrophe,alarmist,/watch?v=tmWSJvpaE48&pp=ygUTY2xpbWF0ZSBjYXRhc3Ryb3BoZQ%3D%3D,/@CBSNews,CBS News,Climate disaster database backed by nonprofit after Trump administration shuts it down,2.4K,2 months,A key climate disaster database is back after the Climate Central nonprofit resurrected the tool following its shuttering by the ...,2026-01-21 22:58:59.784259
climate catastrophe,alarmist,/watch?v=F8vI5_gN90g&pp=ygUTY2xpbWF0ZSBjYXRhc3Ryb3BoZQ%3D%3D,/@aljazeeraenglish,Al Jazeera English,Inside the planet’s most urgent climate warning | Global Warning E1 | Featured Documentary,517K,3 months,"This decisive decade demands unprecedented action to address humanity's greatest challenge. With global access, this ...",2026-01-21 22:58:59.785628
climate catastrophe,alarmist,/watch?v=Bl0ZdVoHm_w&pp=ygUTY2xpbWF0ZSBjYXRhc3Ryb3BoZQ%3D%3D,/@JackHarries,Jack Harries,Climate Catastrophe -  How did we get here?!,95K,4 years,"Introducing THE BREAKDOWN, a five-part film series on climate change: exploring how we got here, where we're headed, and ...",2026-01-21 22:58:59.787655
climate catastrophe,alarmist,/watch?v=Y4fIDNi979s&pp=ygUTY2xpbWF0ZSBjYXRhc3Ryb3BoZQ%3D%3D,/@CosmicDocs,Cosmic - Space Documentaries,Are We Heading For Planetary Meltdown?,19K,3 months,In this episode of Naked Science we separate fact from fiction to discover the real science behind climate change and the global ...,2026-01-21 22:58:59.789078
climate catastrophe,alarmist,/watch?v=7hBMbQ9de1g&pp=ygUTY2xpbWF0ZSBjYXRhc3Ryb3BoZQ%3D%3D,/@pbsterra,PBS Terra,When Will Extreme Heat Become Unlivable?,1.6M,7 months,Check out our Patreon: ...,2026-01-21 22:58:59.791150
climate catastrophe,alarmist,/watch?v=JZv0qxrs_LI&pp=ygUTY2xpbWF0ZSBjYXRhc3Ryb3BoZdIHCQmHCgGHKiGM7w%3D%3D,/@dwdochindi,DW Documentary हिन्दी,पर्यावरण तबाही टालने की कोशिश [Averting Climate Catastrophe] | DW Documentary हिन्दी,1M,2 years,पिछले 30 वर्षों में दुनिया भर में CO2 उत्सर्जन 60 प्रतिशत बढ़ा है.,2026-01-21 22:58:59.792733
climate catastrophe,alarmist,/watch?v=3FYFJNKgJR0&pp=ygUTY2xpbWF0ZSBjYXRhc3Ryb3BoZdIHCQmHCgGHKiGM7w%3D%3D,/@JustHaveaThink,Just Have a Think,How the world's biggest bank is bracing for climate catastrophe.,692K,6 months,JP Morgan chase recently published a comprehensive climate report which spelled out to its investors how they should be ...,2026-01-21 22:58:59.794244
climate catastrophe,alarmist,/watch?v=LX_sXGvOTg4&pp=ygUTY2xpbWF0ZSBjYXRhc3Ryb3BoZdIHCQmHCgGHKiGM7w%3D%3D,/@Firstpost,Firstpost,Top 5 Climate Disasters of 2025 That Shook the World | Planet Pulse | N18G,5.7K,3 weeks,... Wildfires Climate Change | Global Warming Impact | Climate Disaster Economic Losses | Weather Extremes Explained | Climate ...,2026-01-21 22:58:59.795737
climate catastrophe,alarmist,/watch?v=IYJIGGA3AZk&pp=ygUTY2xpbWF0ZSBjYXRhc3Ryb3BoZQ%3D%3D,/@DadSavesAmerica,Dad Saves America,Climate Catastrophe Headlines Don’t Match Reality,75K,1 year,Has our modern material progress come at the expense of an unsustainable ravaging of our planet's finite resources? Nobody ...,2026-01-21 22:58:59.798031
climate catastrophe,alarmist,/watch?v=p5GhE4xkFlM&pp=ygUTY2xpbWF0ZSBjYXRhc3Ryb3BoZQ%3D%3D,/@SabineHossenfelder,Sabine Hossenfelder,Is it pointless now to fight climate change?,104K,2 months,"I'd much rather only bring you good news, but I feel like I can't just be quiet about this unfolding climate disaster. I no longer ...",2026-01-21 22:58:59.799513
climate catastrophe,alarmist,/watch?v=JCt2MhOzWVE&pp=ygUTY2xpbWF0ZSBjYXRhc3Ryb3BoZQ%3D%3D,/@DrBenMiles,Dr Ben Miles,New Evidence We Are Entering An Ice Age Termination Event - EXPLAINED,4.1M,2 years,Head to https://www.squarespace.com/drbenmiles to save 10% off your first purchase of a website or domain using code ...,2026-01-21 22:58:59.801507
climate catastrophe,alarmist,/watch?v=GDy7Q8iAtFg&pp=ygUTY2xpbWF0ZSBjYXRhc3Ryb3BoZQ%3D%3D,/@AstrumEarth,Astrum Earth,The End of Europe Is Coming | AMOC,1.2M,9 months,"Deep beneath the waves, a powerful yet invisible system has been silently regulating life on Earth for thousands of years.",2026-01-21 22:58:59.802768
climate catastrophe,alarmist,/watch?v=BgzBfxy-5mc&pp=ygUTY2xpbWF0ZSBjYXRhc3Ryb3BoZQ%3D%3D,/@TheDailyShow,The Daily Show,"Scientists Have a Solution to Climate Catastrophe, But You Can't Have It | The Daily Show",459K,1 year,"Humans have repeatedly ignored warnings about carbon pollution, so scientists have created a self-sustaining spaceship to give ...",2026-01-21 22:58:59.804124
climate catastrophe,alarmist,/watch?v=cl4Uv9_7KJE&pp=ygUTY2xpbWF0ZSBjYXRhc3Ryb3BoZQ%3D%3D,/@DWDocumentary,DW Documentary,Fleeing climate change — the real environmental disaster | DW Documentary,2.2M,6 years,How many millions of people will be forced to leave their homes by 2050? This documentary looks at the so-called hotspots of ...,2026-01-21 22:58:59.806210
climate catastrophe,alarmist,/watch?v=3JRIVvoySqM&pp=ygUTY2xpbWF0ZSBjYXRhc3Ryb3BoZQ%3D%3D,/@TheNewsmakers,The Newsmakers,Why we’re still failing to stop a climate disaster,13K,1 year,"Another COP, another controversy as the world fails to meet climate goals. As world leaders gather in Azerbaijan for COP29, the ...",2026-01-21 22:58:59.808472
climate catastrophe,alarmist,/watch?v=ECYMHIbBYyI&pp=ygUTY2xpbWF0ZSBjYXRhc3Ryb3BoZQ%3D%3D,/@pbsterra,PBS Terra,We Just Crossed Our FIRST Tipping Point… And It’s NOT What You Think,721K,2 months,Check out our Patreon: ...,2026-01-21 22:58:59.809958
climate catastrophe,alarmist,/watch?v=4Vf7Bi6GdRY&pp=ygUTY2xpbWF0ZSBjYXRhc3Ryb3BoZQ%3D%3D,/@ClimateAdam,ClimateAdam,Battlefield Earth: How War Fuels Climate Catastrophe,13K,2 years,"War, conflict and climate change are tearing apart lives across the world. But these aren't separate harms - they're intricately ...",2026-01-21 22:59:07.007275
climate catastrophe,alarmist,/watch?v=W0FMhFK1Ojo&pp=ygUTY2xpbWF0ZSBjYXRhc3Ryb3BoZQ%3D%3D,/@AnythingandEverythingExplained,Anything and Everything Explained,When the Atlantic Stops Flowing: A Hypothetical Climate Catastrophe,70,5 months,When the Atlantic Stops Flowing: A Hypothetical Climate Catastrophe What happens when one of Earth's most important climate ...,2026-01-21 22:59:07.010120
climate catastrophe,alarmist,/watch?v=mIloB8aBtjY&pp=ygUTY2xpbWF0ZSBjYXRhc3Ryb3BoZQ%3D%3D,/@Apocasts,Apocast,You're Listening to the Radio During a Global Climate Catastrophe | Part 1&2,22K,5 months,Support me Patreon! Disclaimer: This is a purely fictional story created for entertainment purposes only. While it incorporates ...,2026-01-21 22:59:07.013835
climate catastrophe,alarmist,/watch?v=OB7KgZBrE_k&pp=ygUTY2xpbWF0ZSBjYXRhc3Ryb3BoZQ%3D%3D,/@Channel4News,Channel 4 News,Scientists warn of imminent climate catastrophe without massive changes,101K,7 years,"It's being described by the scientists who wrote it as a ""clarion bell"" - a report warning the world that unprecedented and ...",2026-01-21 22:59:07.015096
climate catastrophe,alarmist,/watch?v=rbzhc1BlvvI&pp=ygUTY2xpbWF0ZSBjYXRhc3Ryb3BoZQ%3D%3D,/@ExtinctionRebellionUK,Extinction Rebellion (XR) UK,"Dr. Rupert Read on Climate Catastrophe | UEA, UK | January 2019 | Extinction Rebellion UK",42K,6 years,Dr Rupert Read is giving a talk on climate catastrophe and the need to act now at the University of East Anglia. Extinction ...,2026-01-21 22:59:07.019093
climate catastrophe,alarmist,/watch?v=7buK1QwQXFg&pp=ygUTY2xpbWF0ZSBjYXRhc3Ryb3BoZQ%3D%3D,/@RustyOrbit-i6q,Rusty Orbit,The Day the Sun Disappeared: 536 AD's Climate Catastrophe,6,6 months,"In this compelling exploration of one of history's most enigmatic events, ""The Day the Sun Disappeared,"" we dive deep into the ...",2026-01-21 22:59:07.020302
climate catastrophe,alarmist,/watch?v=YkZyCqW2_SE&pp=ygUTY2xpbWF0ZSBjYXRhc3Ryb3BoZQ%3D%3D,/@OtherVoicesLive,OtherVoicesLive,COP On! Can The World Still Avoid A Climate Catastrophe? | Dr Michael Dorsey | Ireland's Edge,296,3 years,"Can the world still avoid climate change catastrophe? In the past year both wildfires, floods, and droughts have highlighted the ...",2026-01-21 22:59:07.022128
climate catastrophe,alarmist,/watch?v=s8FTa2EJx3E&pp=ygUTY2xpbWF0ZSBjYXRhc3Ryb3BoZQ%3D%3D,/@nowthisimpact,NowThis Impact,"To Avoid Climate Catastrophe, We Need Financing | Live",1.1K,Streamed 4 years,"It's day two of the COP26 Climate Change Conference, and the Nature+ Newsroom will discuss the need to increase financial ...",2026-01-21 22:59:14.155806
climate catastrophe,alarmist,/watch?v=YNFYZ9bzJfQ&pp=ygUTY2xpbWF0ZSBjYXRhc3Ryb3BoZQ%3D%3D,/@PaulHBeckwith,Paul Beckwith,Continual Cascading Consequences from Chaotic Climate Catastrophes in our Climate Casino,17K,4 months,Continual Cascading Consequences from Chaotic Climate Catastrophes in our Climate Casino After my last few videos on the ...,2026-01-21 22:59:14.157425
climate catastrophe,alarmist,/watch?v=YZgG-MgwR1A&pp=ygUTY2xpbWF0ZSBjYXRhc3Ryb3BoZQ%3D%3D,/@StatusCoup,Status Coup News,CNN Buries Climate Catastrophe in Hurricane Coverage,2.4K,4 years,Jordan and Jenn point out that CNN's Hurricane Ida coverage and the scare reporting not he climate catastrophe causing these ...,2026-01-21 22:59:14.158805
climate catastrophe,alarmist,/watch?v=RfAI8RWSh7E&pp=ygUTY2xpbWF0ZSBjYXRhc3Ryb3BoZQ%3D%3D,/@CNET,CNET,How to stop climate catastrophe | What the Future,7.7K,7 years,"We run down technological advancements and policy proposals aimed at mitigating catastrophic climate change. Plus, an ...",2026-01-21 22:59:14.160732
climate catastrophe,alarmist,/watch?v=QDbRhDMqS1E&pp=ygUTY2xpbWF0ZSBjYXRhc3Ryb3BoZQ%3D%3D,/@PaulHBeckwith,Paul Beckwith,Vicious Accelerating Feedbacks Between Far Right Politics and Climate Catastrophe,8.7K,2 years,There is no denying it. There are vicious amplifying feedbacks in play between the far-right political mobs and accelerating climate ...,2026-01-21 22:59:14.162284
climate catastrophe,alarmist,/watch?v=qKj9by-L90A&pp=ygUTY2xpbWF0ZSBjYXRhc3Ryb3BoZQ%3D%3D,/@HistoryMicrofilms,History Microfilms,The 6th-Century Climate Catastrophe and Its Deadly Aftermath,126,1 year,"In 536 AD, a sudden climate crisis plunged vast regions into darkness, triggering cascading environmental upheavals, ...",2026-01-21 22:59:14.163710
climate catastrophe,alarmist,/watch?v=uZ18Lxr6ELs&pp=ygUTY2xpbWF0ZSBjYXRhc3Ryb3BoZQ%3D%3D,/channel/UCTX4QuK0_p8SvBUopIxKpWA,Life With Ron,Impact Winter: Earth's Climate Catastrophe Explained,669,8 months,We explore the profound effects of a cataclysmic event that reshaped coastal ecosystems and plunged Earth into an 'impact winter ...,2026-01-21 22:59:22.433893
climate catastrophe,alarmist,/watch?v=LMp6yCCrHtY&pp=ygUTY2xpbWF0ZSBjYXRhc3Ryb3BoZdIHCQmHCgGHKiGM7w%3D%3D,/@GMA,Good Morning America,How to combat the climate catastrophe,1K,4 years,"U.N. Deputy Secretary-General Amina Mohammed talks about the G20 climate conference, U.N. emissions gap report and ...",2026-01-21 22:59:22.437508
climate catastrophe,alarmist,/watch?v=7fz-JU8E9Eo&pp=ygUTY2xpbWF0ZSBjYXRhc3Ryb3BoZQ%3D%3D,/@WION,WION,UK's COP26 Chief says world must act now to avoid climate catastrophe | Global Warming | World News,3.8K,4 years,UK's COP26 President Alok Sharma said on Friday that the world must act now to slow global warming otherwise there will be a ...,2026-01-21 22:59:22.438831
climate catastrophe,alarmist,/watch?v=VCcoXfk-M3I&pp=ygUTY2xpbWF0ZSBjYXRhc3Ryb3BoZQ%3D%3D,/@DemocracyNow,Democracy Now!,“A Code Red for Humanity”: Major U.N. Report Warns of Climate Catastrophe If Urgent Action Not Taken,13K,4 years,"In its first major report in nearly a decade, the Intergovernmental Panel on Climate Change has warned the Earth could face ...",2026-01-21 22:59:22.440176
climate catastrophe,alarmist,/watch?v=4H2ZwTRxvfk&pp=ygUTY2xpbWF0ZSBjYXRhc3Ryb3BoZQ%3D%3D,/@TheNewsForum,The News Forum,"U.N. Warns of Looming ""Climate Catastrophe"" - What Would That Look Like in Canada?",19,3 years,"Nima welcomes back Lisa Gue, Manager of National Policy at the David Suzuki Foundation. Tune in to The News Forum for more ...",2026-01-21 22:59:22.444136
climate catastrophe,alarmist,/watch?v=3ApGGlRsx7A&pp=ygUTY2xpbWF0ZSBjYXRhc3Ryb3BoZQ%3D%3D,/@France24_en,FRANCE 24 English,Facing up to the climate catastrophe,868,6 years,Subscribe to France 24 now: http://f24.my/youtubeEN FRANCE 24 live news stream: all the latest news 24/7 http://f24.my/YTliveEN ...,2026-01-21 22:59:22.446192
climate catastrophe,alarmist,/watch?v=i0X8tgQXs2s&pp=ygUTY2xpbWF0ZSBjYXRhc3Ryb3BoZQ%3D%3D,/@NextGenAmerica,NextGen America,NextGen America 2024: Climate Catastrophe,52,2 years,"One year of progress, one year of hope. Today, we're celebrating one year since the Inflation Reduction Act became law — the ...",2026-01-21 22:59:22.447544
climate catastrophe,alarmist,/watch?v=G-AXhkBgqTk&pp=ygUTY2xpbWF0ZSBjYXRhc3Ryb3BoZQ%3D%3D,/@thefoodtank,Food Tank,Sam Kass on Staving Off Climate Catastrophe,962,2 months,"Dani speaks with Sam Kass, a Partner at Acre Venture Partners, the former senior policy advisor for nutrition in the Obama ...",2026-01-21 22:59:22.449950
climate catastrophe,alarmist,/watch?v=z3oGTq8VYLY&pp=ygUTY2xpbWF0ZSBjYXRhc3Ryb3BoZQ%3D%3D,/@ANCalerts,ANC 24/7,U.N. warns of 'tipping point to climate catastrophe' | ANC,1.3K,4 years,Rundown: The head of the United Nations is urging world leaders to step up their efforts to avert a climate catastrophe ahead of ...,2026-01-21 22:59:22.451301
climate catastrophe,alarmist,/watch?v=ZqWDu4TmwBw&pp=ygUTY2xpbWF0ZSBjYXRhc3Ryb3BoZQ%3D%3D,/@TonyHeller,Tony Heller,Summer Climate Catastrophe,18K,5 years,Experts said that the western US was burning last week due to global warming. So my assistants took action and explored the ...,2026-01-21 22:59:22.453634
climate catastrophe,alarmist,/watch?v=K1HkU07jy3A&pp=ygUTY2xpbWF0ZSBjYXRhc3Ryb3BoZQ%3D%3D,/@rcarsoncenter,Rachel Carson Center,Speak4Nature: Gabrielle Fagundez - The Climate Catastrophe in Southern Brazil,30,4 months,"In this Speak4Nature talk, Gabrielle Tabares Fagundez (UFSC, Brazil) presents her research on the climate catastrophe in ...",2026-01-21 22:59:22.454939
